ID Jugador;Nombre
3733;ABALDE, ALBERTO
3527;ABASS, AWUDU
12298;ABOSI, VENIAMIN
4191;ABOUDOU, JORDAN
3478;ABRINES, ALEX
5199;ABROMAITIS, TIM
13027;ACCORSI, MATTEO
AWM;ACIK, TUTKU
LGC;ACKER, ALEX
9847;ACY, QUINCY
5795;ADAMS, DARIUS
12056;ADAMS, JALEN
11963;ADAMS, JAYLEN
7872;ADAMS, JOSH
2532;ADJAGBA, ULYSSE
4429;AGRAVANIS, DIMITRIS
KSF;AGUILAR, PABLO
5171;AHEARN, BLAKE
LHF;AJINCA, ALEXIS
10316;AJINCA, MELVIN
7647;AKAY, MERT
11816;AKELE, NICOLA
JVE;AKIN, FIKRET CAN
728;AKINDELE, JELEEL
645;AKINGBALA, AKIN
7394;AKOGNON, JOSH
4056;AKPINAR, ISMET
BXK;AKYOL, CENK
6785;ALBER, EIDAN
3425;ALBICY, ANDREW
3328;ALDEMIR, FURKAN
6195;ALEXANDER, JOE
11973;ALEXANDER, KYLE
10105;ALMANSA, IZAN
2810;ALMAZAN, PABLO
10623;ALOCEN, CARLOS
14005;ALSTON JR. , DERRICK
4992;ALTINTIG, CAN
2875;ALTIT, BEN
5059;ALVITI, DAVIDE
CNZ;AMAGOU, PAPE-PHILIPPE
8977;AMAIZE, ROBIN
2851;AMATO, ANDREA
BZO;ANAGONYE, ALOYSIUS
AKT;ANDERSEN, DAVID
TGV;ANDERSON, ALAN
5938;ANDERSON, JAMES
12795;ANDERSON, JUSTIN
956;ANDJUSIC, DANILO
11248;ANDREWS, ANDREW
JDQ;ANDRIC, LUKSA
2574;ANDRIC, MIHAJLO
10465;ANGOLA, BRAIAN
4327;ANIKIIENKO, KOSTIANTYN
TFN;ANISIMOV, MICHAILIS
11221;ANTETOKOUNMPO, KOSTAS
7865;ANTETOKOUNMPO, THANASIS
BAE;ANTIC, PERO
2026;ANTIPOV, PAVEL
4941;ANTONOV, SEMEN
781;APARICIO, ANGEL
3945;APIC, DRAGAN
AOC;APOSTOLIDIS, GEORGIOS
TEQ;ARADORI, PIETRO
3263;ARANITOVIC, PETAR
4402;ARAPOVIC, MARKO
5813;ARAR, EGE
KBD;ARCHIBALD, ROBERT
7516;ARLAUSKAS, MARTYNAS
3331;ARMSTRONG, HILTON
14141;ARMSTRONG, TARAN
5348;ARNA, EGEHAN
BCA;ARROYO, CARLOS
ARN;ARSLAN, ENDER
1589;ARTEAGA, VICTOR
5961;ASTAPKOVICH, ANTON
12268;ATAMNA, ADAM
4290;ATHINAIOU, IOANNIS
7674;ATIAS, YONATAN
185;ATSUR, ENGIN
7948;AUGUSTE, ZACH
1438;AUGUSTINE, JAMES
10798;AVDALAS, NEOKLIS
AUQ;AVDALOVIC, VULE
7675;AVDIJA, DENI
3983;AVRAMOVIC, ALEKSA
6904;AYAYI, JOEL
5927;AYON, GUSTAVO
7148;AYRES, JEFF
1761;BABIC, LUKA
3475;BABIC, PETAR
BUV;BABRAUSKAS, STEPONAS
4943;BABURIN, EVGENY
11286;BACON, DWAYNE
14015;BACOT JR., ARMANDO
64;BADIANE, MOUSSA
7527;BADIO, BRANCOU
9947;BADJI, IBOU
5788;BAEZ, EULIS
13028;BAIOCCHI, MATTEO
TFL;BAJRAMOVIC, KENAN
13774;BAKER II , ROBERT
9767;BAKER, RON
4655;BAKO, ISMAEL
4803;BALASHOV, NIKITA
7581;BALASHOV, SERGEI
3521;BALBAY, DOGUS
7553;BALCEROWSKI, ALEKSANDER
6707;BALDASSO, TOMMASO
9863;BALDWIN IV, WADE
12597;BALDWIN, KAMAR
2644;BALVIN, ONDREJ
13696;BANGO, JILSON
ATS;BANIC, MARKO
LNE;BANKS, CEDRICK
4428;BANKS, MARCUS
3068;BAPTIST, BILLY
TGC;BARAC, STANKO
9923;BARASHKOV, MAKSIM
BWZ;BARGNANI, ANDREA
5206;BARLOW, DAVID
5775;BARON, BILLY
2741;BAROVIC, FILIP
4586;BARREIRO, JONATHAN
11242;BARRERA, ALEJANDRO
BMV;BARRERA, PANCHI
3490;BARTHEL, DANILO
ADS;BASILE, GIANLUCA
DHD;BATISTA, ESTEBAN
LML;BATISTA, J.P.
AJV;BATISTE, MIKE
4170;BATUK, BIRKAN
KOH;BATUM, NICOLAS
2971;BAYGUL, MUHAMMED
6648;BAYKAN, OGULCAN
1892;BAYNES, ARON
5350;BAYRAK, ERCAN
BDC;BAZDARIC, MARINO
12721;BEAN, JUSTIN
6590;BEAUBOIS, RODRIGUE
8161;BEGARIN, JUHANN
AVV;BEGHIN, CHRISTOPHE
JBJ;BEGIC, MIRZA
BCN;BELINELLI, MARCO
6497;BELL, JAMES
4549;BENDER, DRAGAN
4168;BENDZIUS, EIMANTAS
7615;BENNETT, ANTHONY
5687;BENSON, KEITH
9818;BENTIL, BEN
3495;BENZING, ROBIN
10355;BERRY, DAVION
436;BERTANS, DAIRIS
3458;BERTANS, DAVIS
2289;BEZBRADICA, NEMANJA
6961;BIBEROVIC, TARIK
3622;BILAN, MIRO
9903;BILIGHA, PAUL
7182;BIRCH, KHEM
3091;BIRSEN, METECAN
5504;BIRUTIS, LAURYNAS
6809;BITADZE, GOGA
7929;BITIM, ONURALP
CHX;BJELICA, MILKO
1413;BJELICA, NEMANJA
8991;BLACK, TARIK
13402;BLAKENEY, ANTONIO
BFY;BLAKNEY, RODERICK
1899;BLANCO, SAUL
3391;BLASSINGAME, JEREL
11193;BLATT, TAMIR
9877;BLAYZER, OZ
8186;BLAZEVIC, MAREK
3452;BLAZIC, JAKA
11231;BLOSSOMGAME, JARON
BES;BLU, DAVID
KAX;BLUMS, JANIS
3240;BOCHORIDIS, ELEFTHERIOS
2821;BOGDANOVIC, BOGDAN
9;BOGDANOVIC, BOJAN
1933;BOGRIS, GEORGIOS
APT;BOISA, VLADIMER
14105;BOL, JUOM MAKER
7988;BOLDEN, JONAH
8985;BOLMARO, LEANDRO
9035;BOLOMBOY, JOEL
6760;BONGA, ISAAC
9056;BONILLA, GAEL
7056;BOOKER, DEVIN
2987;BOONE, JASON
7012;BOONE, JOSH
JNL;BOROVNJAK, DEJAN
6701;BORTOLANI, GIORDANO
12167;BOSNJAKOVIC, MITAR
4264;BOST, DEE
14016;BOSTON JR., BRANDON
3650;BOUNGOU-COLO, NOBEL
AQU;BOUROUSIS, IOANNIS
8923;BOUTSIELE, JERRY
JJY;BOZIC, PETAR
5284;BRACKINS, CRAIG
12203;BRAIMOH, SULEIMAN
2906;BRAMOS, MICHAEL
11263;BRANDWEIN, ODED
7639;BRANKOVIC, DANKO
11243;BRANTLEY, JARRELL
9834;BRAY, TJ
11983;BRAZDEIKIS, IGNAS
JKL;BREMER, JR
7566;BRENNEKE, LORENZ
14127;BRISSETT, O'SHAE J
9992;BRIZUELA, DARIO
LVA;BRNAS, TONI
10458;BRODZIANSKY, VLADIMIR
5195;BROEKHOFF, RYAN
13384;BROOKS, ARMONI
4117;BROOKS, JEFF
5805;BROOKS, MARSHON 
10588;BROWN III, JOHN
129;BROWN, BOBBY
4425;BROWN, DERRICK
3532;BROWN, DEVIN
9622;BROWN, LORENZO
AHT;BROWN, MARCUS
7424;BROWN, MARKEL
9817;BROWN, RION
12720;BROWN, STERLING
13365;BROWN, VITTO
430;BROYLES, DWAYNE
582;BRUNNER, GREG
9846;BRYANT, ELIJAH
4123;BRYANT, JOHN
4221;BUBNIC, DRAZEN
7427;BUDINGER, CHASE
KQM;BUESA, MARTIN
11330;BUIKA, DOVYDAS
5692;BURNS, CHRISTIAN
LGW;BURRELL, RONNIE
AOY;BURSTEIN, TAL
TFO;BUTERLEVICIUS, SIMAS
10184;BUTKA, DOVYDAS
2676;BUTKEVICIUS, ARNAS
KKI;BUTKEVICIUS, POVILAS
14163;BUTLER, JARED
4187;BUVA, IVAN
5859;BUYCKS, DWIGHT
685;BYARS, DERRICK
KOS;BYKOV, SERGEY
AWX;CABEZAS, CARLOS
12096;CABOCLO, BRUNO
12714;CACOK, DEVONTAE
9132;CAICEDO, MICHAEL
230;CAKAREVIC, MARKO
1932;CALATHES, NICK
1142;CALATHES, PAT
3509;CALBARRO, UNAI
13269;CALE, MYLES
1150;CALLOWAY, EARL
5771;CALOIARO, ANGELO
8108;CAMARA, GORA
4977;CAMARA, OUSMANE
5928;CAMPAZZO, FACUNDO
2898;CAMPBELL, LOUIS
10612;CANAAN, ISAIAH
5379;CANCAR, VLATKO
981;CANDAN, BERKAY
722;CANER-MEDLEY, NIK
3845;CAPELA, CLINT
ATH;CAPIN, ALEKSANDAR
1810;CAR, MARKO
5095;CARDOSO, MIGUEL
LMK;CARRARETTO, MARCO
1960;CARROLL, JAYCEE
1910;CARTER, JOSH
6196;CARTER, JUSTIN
11305;CARTER, TYSON
6721;CARUSO, GUGLIELMO
4122;CASELLA, ANDREA
JFO;CASSPI, OMRI
1392;CAUSEUR, FABIEN
13373;CAVALIERE, LEOPOLD
9601;CAVANAUGH, TYLER
KBV;CEL, AARON
2081;CERELLA, BRUNO
109;CETIN, SERHAT
BWM;CHANAS, KAMIL
4218;CHARALAMPOPOULOS, VASILIS
12406;CHEATHAM, ZYLAN ANTHONY
6058;CHERRY, WILL
2038;CHESSA, MASSIMO
4203;CHIOTTI, DAVID
12765;CHIOZZA, CHRIS
11396;CHOUGKAZ, NIKOS
3297;CHRISTMAS, DIONTE
4445;CHRISTODOULOU, ANTREAS
9888;CHRISTON, SEMAJ
3834;CHRISTOPHER, PATRICK
LFX;CHYLINSKI, MICHAL
KIW;CINCIARINI, ANDREA
996;CIZAUSKAS, VYTENIS
13699;CLARK III, JIMMY
8857;CLARK, EARL
7050;CLARKE, COTY
556;CLAVER, VICTOR
12744;CLEVELAND, ANTONIUS
7889;CLINE, TJ
4888;CLYBURN, WILL
2877;COBOS, CARLOS
5145;COHEN, JAKE
9848;COHEN, SANDY
7989;COLE, NORRIS
BDB;COLLINS, DeJUAN
5463;COLLINS, MARDY
6533;COLOM, QUINO
9783;COLSON, BONZIE
2403;CONDE, LUIS
5319;COOK, DAEQUAN
152;COOK, OMAR
6735;COOLEY, JACK
7199;COONEY, TREVOR
CRU;CORBACHO, ALBERTO
9549;CORDINIER, ISAIA
4790;CORNELIE, PETR
63;COROSINE, XAVIER
10444;COSTELLO, MATTHEW
7121;COTTON, BRYCE
LVW;COURNOOH, DAVID
JDZ;COVIC, FILIP
6468;CRAFT, AARON
10254;CRAWFORD, DREW
7916;CROCKER, TONY
TGO;CROSARIOL, ANDREA
5971;CULPEPPER, RANDY
160;CURRY, RAMEL
BTG;CUSIN, MARCO
1736;CVETKOVIC, ALEKSANDAR
KPC;D'ERCOLE, LORENZO
11244;DA SILVA, OSCAR
3274;DALLO, BORIS
1602;DAMBRAUSKAS, PAULIUS
5942;DANGUBIC, NEMANJA
11206;DANIELS, TROY
4370;DANIELS, WILL
483;DARDEN, TREMMELL
JPR;DASIC, VLADIMIR
CCD;DATOME, LUIGI
12786;DAUM, MIKE
7960;DAVIDOVAC, DEJAN
7870;DAVIES, BRANDON
2934;DAVIS, PAUL
3472;DAYE, AUSTIN
2100;DE COLO, NANDO
10750;DE LARREA, SERGIO
9005;DECK, GABRIEL
7;DEDOVIC, NIHAD
4331;DELANEY, MALCOLM
4916;DELAS, ANTE
2504;DELAS, MARIO
BCV;DELFINO, CARLOS
BUW;DELININKAITIS, TOMAS
5884;DELLA VALLE, AMEDEO
8211;DELOW, MALTE
8163;DEMAHIS, RUDY
4094;DEMIR, BERK
4195;DENMON, MARCUS
5193;DENTMON, JUSTIN
5909;DESIATNIKOV, ANDREI
10318;DESSERT, BRICE
CLC;DEVECCHI, GIACOMO
3477;DIA, PAPA
5327;DIAGNE, ATOUMANE
10868;DIAGNE, ISMAILA
6476;DIAGNE, MOUSSA
14027;DIAKITE, MAMADI
11226;DIALLO, ALPHA
14086;DIALLO, HAMIDOU
5282;DIAMANTAKOS, GEORGIOS
JKO;DIAMANTIDIS, DIMITRIS
14108;DIARRA, ALIOU
2862;DIARRA, MAMOUTOU
LCE;DIAWARA, YAKHOUBA
4213;DIAZ, ALBERTO
7990;DIBARTOLOMEO, JOHN
4997;DIEBLER, JON
3198;DIEZ, DANIEL
JEI;DILYS, VILMANTAS
6085;DIMITRIJEVIC, NENO
5827;DIMSA, EGIDIJUS
3211;DIMSA, TOMAS
14162;DINWIDDIE, SPENCER
3540;DIOP, ILIMANE
8072;DIOP, KHALIFA
2826;DIOP, MAMADOU
13385;DIOP, OUSMANE
TFK;DIOT, ANTOINE
13374;DIOUF, MOUHAMET
6487;DIPLAROS, NIKOS
LUT;DJEKIC, BRANISLAV
1430;DJURISIC, NEMANJA
35;DMITRIEV, FEDOR
4007;DOBRIC, OGNJEN
1832;DOELLMAN, JUSTIN
11626;DOERRIES, AMON
14010;DOKOSSI, ALLAN
JIS;DOMERCANT, HENRY
5929;DONCIC, LUKA
2763;DOORNEKAMP, AARON
3508;DORSEY, JOEY
9849;DORSEY, TYLER
12044;DOS SANTOS, YAGO
7483;DOSSOU-YOVO, MATHIS
8152;DOUGLAS, TONEY
262;DOWDELL, ZABIAN
2015;DOWNS, MICAH
14123;DOWTIN JR, JEFFREY
12742;DOZIER JR, PERRY
THB;DRAGIC, GORAN
3514;DRAGIC, ZORAN
JQI;DRAGICEVIC, TADIJA
535;DRAGICEVIC, VLADIMIR
2946;DRAPER, DONTAYE
AZH;DROZDOV, ARTUR
2742;DUBLJEVIC, BOJAN
316;DUDLEY, ERWIN
1650;DUDU, BENJAMIN-PAVEL
4167;DULKYS, DEIVIDAS
3048;DUNSTON, BRYANT
1398;DUPORT, ROMAIN
12199;DURU, DECLAN
6399;DUVERIOGLU, AHMET
CLQ;DYLEWICZ, FILIP
5803;DYSON, JEROME
13250;DeJULIUS, DAVID
6725;EBOUA, PAUL
10569;EDDIE, JARELL
8042;EDIGIN, EDDY
11987;EDWARDS, CARSEN
14416;EDWARDS, KESSLER
12730;EGBUNU, JOHN
LOC;EIDSON, CHUCK
8174;EKSIOGLU, MERT
317;EL-AMIN, KHALID
3064;ELDRIDGE, COURTNEY
4857;ELEGAR, FRANK
LGD;ELIYAHU, LIOR
14157;ELLIS, BOOGIE
9580;ELLIS, OCTAVIUS
12593;ELLIS, QUINN
5158;ENGLISH, KIM
8066;ENNIS, DYLAN
8858;ENNIS, TYLER
11239;ENOCH, STEVEN
DHF;ERCEG, ZORAN
JYB;ERDEN, SEMIH
7360;ERIC, MICHAEL
3151;ERIKSSON, MARCUS
JIR;ERMIS, BARIS
932;EROGLU, ERBIL
8946;EVANS, CHRISTOPHER
7432;EVANS, JEREMY
11218;EVANS, KEENAN
10677;EVANS, SHANNON
10654;EVSTIGNEEV, IVAN
354;EVTIMOV, ILIAN
378;EWING, DANIEL
11302;EXUM, DANTE LIMAN
1176;EYENGA, CHRISTIAN
CQO;EZE, BENJAMIN
1949;FALKER, RANDAL
8811;FALL, MOUSTAPHA
6568;FALL, YOUSSOUPHA
11284;FARIED, KENNETH
3423;FARMAR, JORDAN
1215;FAVERANI, VITOR
10428;FAYE, IBRAHIMA
12403;FAYE, MOUHAMED
8800;FAYE, MOUHAMMAD
5918;FELDEINE, JAMES
11247;FELIZ, ANDRES
LIO;FERNANDEZ, MARC
BMT;FERNANDEZ, RUDY
13667;FERNANDO, BRUNO
9101;FERRANDO, GUILLEM
14219;FERRARI, FRANCESCO
11281;FERRELL, YOGI
6527;FESENKO, KYRYLO
1230;FILLOY, ARIEL
1202;FINLEY, MORRIS
KZY;FISCHER, DOR
7852;FISCHER, LUKE
LBZ;FISHER, JOSH
KHU;FITCH, GERALD
7595;FITIPALDO , BRUNO
5670;FLACCADORI, DIEGO
10467;FLOYD, JEHYVE
1258;FOFANA, BANGALY
4499;FONTECCHIO, SIMONE
4246;FOOTE, JEFF
LLX;FORD, SHARROD
3672;FORD, TJ
5980;FORMENTI, MATTEO
13367;FORREST, TRENT
LMN;FORTE, JOSEPH
1907;FOSTER, JEKEL
10386;FOSTER, MARCUS FRANKLEE
BEZ;FOTSIS, ANTONIS
13380;FOURNIER, EVAN
7975;FRANCISCO, SYLVAIN
11223;FRANKAMP, CONNER
3390;FRASUNKIEWICZ, PRZEMYSLAW
9842;FREDETTE, JIMMER
LOO;FREELAND, JOEL
10389;FREEMAN, ALLERIK
4808;FREESE, JANNIK
LLH;FRIDZON, VITALY
14026;FRISCH, CLEMENT
1562;FULLE, SEBASTIAN
BIM;GABRIEL, GERMAN
5881;GABRIEL, KENNY
13383;GABRIEL, WENYEN
4229;GAGIC, DJORDJE
2009;GAILIUS, DEIVIDAS
5023;GALDIKAS, SIMAS
KRD;GALLINARI, DANILO
8851;GALLIOU, CHARLES
2848;GANETO, GABRIELE
4623;GANKEVICH, ALEXANDER
AHV;GARBAJOSA, JORGE
18;GARCIA, ANDER
3238;GARCIA, ANGEL LUIS 
JCS;GARCIA, IVAN
4535;GARCIA, MARC
5458;GARCIA, SERGI
7994;GARINO, PATRICIO
3476;GARRETT, DIANTE
10107;GARUBA, SEDIQ
7630;GARUBA, USMAN
ADF;GASOL, PAU
4836;GATENS, MATT
1252;GAVEL, ANTON
10516;GAZI, ERTEN
9753;GEBEN, MARTINAS
LTT;GECEVICIUS, MARTYNAS
5686;GECIM, TOLGA
3392;GEE, ALONZO
BHN;GELABALE, MICKAEL
880;GENTILE, ALESSANDRO
8253;GEORGE, JASON
7122;GEYIK, SAMET
KXO;GIACHETTI, JACOPO
3675;GIANELLA, NICO
LRH;GIANNOPOULOS, CHARIS
2873;GIDDENS, JR
7513;GIEDRAITIS, DOVYDAS
6436;GIEDRAITIS, ROKAS
1557;GIFFEY, NIELS
KWC;GIGLI, ANGELO
8001;GILL, ANTHONY
11941;GILLESPIE, FREDDIE
10550;GINAT, TOMER
CSI;GIPSON, SERGERIO
5024;GIRDZIUNAS, MINDAUGAS
2980;GIST, JAMES
5274;GLADYR, SERGII
11261;GLAS, GREGOR
BVP;GLYNIADAKIS, ANDREAS
499;GOLDSBERRY, JOHN
LCK;GOLOVIN, DMITRY
1236;GOLUBOVIC, VLADIMIR
4435;GOMES, RYAN
1216;GOMIS, JOSEPH
AWN;GONLUM, KEREM
11649;GONZALEZ, HUGO
8032;GONZALEZ, MIGUEL
4324;GORBENKO, SERGIY
531;GORDIC, NEMANJA
4230;GORDON, DREW
1867;GORDON, JAMON
1310;GORDON, JAMONT
5944;GOSPODAREK, MICHAEL
4903;GOUDELOCK, ANDREW
14028;GRAHAM, DEVONTE
3024;GRANGER, JAYSON
11204;GRANT, JERIAN
3438;GRANT, KENNETH
8250;GRANT, SASHA
10549;GRAY, ROB
5738;GRAZULIS, ANDREJS
3326;GREEN, CALEB
3457;GREEN, DANNY
5159;GREEN, ERICK
9037;GREEN, GARLON
1273;GREEN, MARQUES
JGM;GREEN, YANIV
JTH;GREENE, BRIAN
CRR;GREER, LYNN
KMZ;GREER, RICARDO
KOJ;GREGORY, KENNY
2328;GRIGONIS, MARIUS
3568;GRIGORYEV, MAXIM
BKE;GRIMAU, ROGER
13555;GRINVALDS, GUNARS
12099;GROSBER, DORIAN
12103;GRUJICIC, MATHIEU
5004;GRUSZECKI, KAROL
1097;GUARDIA, DAVID
KLS;GUBANOV, PETR
3120;GUDAITIS, ARTURAS
2439;GUDUMAK, ALEKSANDR
4004;GUDURIC, MARKO
12168;GUEYE, SIDI
AWQ;GULER, MURATCAN
494;GULER, SINAN
9537;GUSIC, MARKO
4996;GUVEN, EGEMEN
11826;GUY, KYLE
7355;HACIYEVA, ORHAN
1844;HACKETT, DANIEL
2856;HAIRSTON, MALIK
KMV;HAISLIP, MARCUS
3926;HAKANSON, LUDDE
3538;HALILOVIC, MIRALEM
11205;HALL, DEVON
11196;HALL, DONTA
9578;HALL, LANGSTON
AOZ;HALPERIN, YOTAM
12405;HALTALI, FURKAN
JSS;HAMANN, STEFFEN
9782;HAMILTON, JOHNNY
CSW;HAMILTON, JUSTIN
4317;HAMILTON, LAMONT 
1455;HAMMONDS, CLIFF
LFN;HAMPL, TOMAS
5099;HANGA, ADAM
13304;HANKINS, ZACHARY
6598;HANLAN, OLIVIER
6402;HANNAH, CLEVIN
3500;HANSBROUGH, BEN
9864;HAPP, ETHAN
4902;HARANGODY, LUKE
3534;HARARI, ARAD
11970;HARPER, JARED
5460;HARRIS, ELIAS
8930;HARRISON, AARON
9473;HARRISON, ANDREW
13371;HARRISON, SHAQUILLE
5846;HARTENSTEIN, ISAIAH
KZA;HAWKINS, DAVID
10390;HAYES, KEVARRIUS
8962;HAYES-DAVIS, NIGEL
3601;HAYNES, MARQUEZ
11201;HAZER, SEHMUS
6420;HECKMANN, PATRICK
12259;HEIDEGGER, MAX
2833;HENDRIX, RICHARD
6754;HENRY, PIERRIA
8780;HERMANNSSON, MARTIN
AMP;HERNANDEZ-SONSECA, EDU
12712;HERNANGOMEZ, JUANCHO
3196;HERNANGOMEZ, WILLY
12611;HERRERA, SEBASTIAN
LIM;HERSEK, BARIS
CRF;HERVELLE, AXEL
4431;HETTSHEIMEIR, RAFAEL
KLT;HEURTEL, THOMAS
2818;HEYTVELT, JOSH
3108;HEZONJA, MARIO
4159;HICKMAN, RICKY
12640;HIFI, NADIR
6450;HIGGINS, CORY
1860;HILL, CHRIS
8989;HILLIARD, DARRUN
2812;HINES, KYLE
8041;HLINASON, TRYGGVI
6835;HOARD, JAYLEN
5128;HOBBS, BRAYDON
4271;HODGE, WALTER
AQO;HOLDEN, JR
13695;HOLIDAY, JUSTIN
4267;HOLLAND, JOHN
9513;HOLLATZ, JUSTUS
9917;HOLLINS, AUSTIN
7434;HOLMES, JONATHAN
14011;HOLMES, RICHAUN
11949;HOMMES, DAULTON
5800;HONEYCUTT, TYLER
4998;HOPSON, SCOTTY
14124;HORTON TUCKER, TALEN
9088;HOUINSOU, KYMANY
4430;HOUSTON, KEVIN
11948;HOWARD, MARKUS
3416;HOWARD, MATT
2534;HOWARD, WILLIAM
12365;HRABAR, VIT
1210;HRYCANIUK, ADAM
JUJ;HUERTAS, MARCELINHO
9723;HUESTIS, JOSHUA
6462;HUMMEL, ROBBIE
5160;HUNTER, OTHELLO
7018;HUNTER, VINCE
2817;IANNILLI, ANDREA
1863;IAROCHEVITCH, IOANN
3583;IBAKA, SERGE
BRS;IDBIHI, YASSIN
6561;ILIC, ALEKSA
11964;ILIC, DALIBOR
APS;ILIEVSKI, VLADO
2618;ILNITSKIY, STANISLAV
8282;ILYASOGLU, OMERCAN
JKP;ILYASOVA, ERSAN
5200;IMHOFF, ARNAUD
3062;INGLES, JOE
3960;INGLIS, DAMIEN
838;INGROSSO, TOMMASO
14133;IROEGBU, IKE
1266;IVANOV, DEJAN
3332;IVANOVIC, NIKOLA
5154;IVERSON, COLTON
2072;IVLEV, VLADIMIR
14029;IZUNDU, EBUKA
753;JAABER, IBRAHIM
3413;JACKSON, AARON
229;JACKSON, EDWIN
12732;JACKSON, FRANK
5112;JACKSON, PIERRE
11939;JACKSON-CARTWRIGHT, PARKER
KNK;JACOBSEN, CASEY
2746;JADIN, AMAURY
592;JAGLA, JAN
4397;JAGODIC-KURIDZA, MARKO
CLR;JAGODNIK, GORAN
2581;JAITEH, MAM
12197;JAKUCIONIS, KASPARAS
5422;JALLOW, KARIM
5985;JAMES, MIKE
1335;JAMES, SHAWN
7961;JANKOVIC, STEFAN
411;JANKOVIC, VLADIMIR
BWI;JANKUNAS, PAULIUS
4165;JANNING, MATT
12613;JANTUNEN, MIKAEL
912;JARAMAZ, NEMANJA
4058;JARAMAZ, OGNJEN
ANM;JARIC, MARKO
BVC;JASAITIS, SIMAS
ADG;JASIKEVICIUS, SARUNAS
BVE;JAVTOKAS, ROBERTAS
2823;JAWAI, NATE
4193;JEAN-BAPTISTE-ADOLPHE, MICHEL
2536;JEAN-CHARLES, LIVIO
7992;JEFFERSON, CORY
9733;JEKIRI, TONYE
597;JELINEK, DAVID
4796;JELOVAC, STEVAN
5014;JENKINS, CHARLES
KYC;JENKINS, JULIUS
9748;JEREBKO, JONAS
3067;JERRELLS, CURTIS
13290;JESSUP, JUSTINIAN
AAS;JIMENEZ, CARLOS
9105;JIMENEZ, MILLAN
1487;JOGELA, TAURAS
7016;JOHNSON, ELIJAH
5893;JOHNSON, JAJUAN
2842;JOHNSON, MARCUS
5815;JOHNSON, ORLANDO
13364;JOHNSON, STANLEY
9816;JOHNSON, WESLEY
4684;JOHNSON-ODOM, DARIUS
14107;JOKSIMOVIC, STEFAN
7519;JOKUBAITIS, ROKAS
KNS;JOMANTAS, ARTURAS
13369;JONES, CARLIK
10568;JONES, CHRIS
9298;JONES, JALEN
14102;JONES, KAI
7185;JONES, KEVIN
11981;JONES, TYRIQUE
14316;JOSEPH, CORY
10307;JOVANOVIC, DORDIJE
3264;JOVANOVIC, NIKOLA
4863;JOVIC, STEFAN
5089;JUDITH, MARC
LCT;JUSKEVICIUS, ADAS
12181;JUZENAS, MANTAS
7855;KABA, ALPHA
12796;KABENGELE, MFIONDU
2835;KADIR, ELISHAY
8137;KADOSHNIKOV, DMITRII
KIR;KAHUDI, CHARLES
JUP;KAIMAKOGLOU, KOSTAS
6586;KALAITZAKIS, GEORGIOS
11209;KALAITZAKIS, PANAGIOTIS
4866;KALINIC, NIKOLA
JBX;KALNIETIS, MANTAS
11926;KAMAGATE, ISMAEL
8325;KAMENJAS, KENAN
12743;KAMINSKY, FRANK
5781;KANE, DEANDRE
326;KANGUR, KRISTJAN
5817;KANTE, LAMINE
5100;KANYGIN, IGOR
4456;KAPONO, JASON
4490;KARAHODZIC, KENAN
2872;KARAMALEGKOS, IOANNIS 
4206;KARAMAN, ILKAN
4302;KARASEV, SERGEY
3212;KARINIAUSKAS, VAIDAS
5848;KAROLAK, JAKUB
6594;KARPUKHIN, ALEKSANDR
5146;KASELAKIS, LEONIDAS
2628;KASTRATI, ERJON
BOD;KASUN, MARIO
664;KATELYNAS, MINDAUGAS
JQH;KATIC, RASKO
1771;KATIC, TONI
2867;KATSIVELIS, DIMITRIS
BJR;KAUKENAS, RIMANTAS
1228;KAUN, SASHA
399;KAVALIAUSKAS, ANTANAS
4289;KAVVADAS, VASILIS
BFE;KECMAN, DUSAN
12885;KEITA, SAYON
545;KELATI, THOMAS
11307;KELL, TREY
4247;KEMP, MARCELUS
577;KESELJ, MARKO
14168;KEY, BRAXTON
12123;KHARCHENKOV, IVAN
4173;KHAZZOUH, JULIAN
6710;KHOMENKO, ALEXANDER
BCQ;KHRYAPA, VICTOR
LKY;KHVOSTOV, DMITRY
7868;KIDD, STANTON
4999;KILICLI, DENIZ
9227;KILPATRICK, SEAN
BOG;KING, ALEX
738;KINSEY, TARENCE
3530;KIRILENKO, ANDREI
7616;KIRK, ALEX
4217;KITCHEN, DERWIN
10100;KLAVZAR, URBAN
1925;KLEIZA, LINAS
BDK;KLIMAVICIUS, TADAS
6360;KLIMENKO, ARTEM
7560;KLJAJIC, JOVAN
1235;KLOBUCAR, JAKA
10394;KNIGHT, MARCOS
JVK;KOC, INANC
2104;KOKSAL, GOKSENIN
3570;KOLYUSHKIN, MAXIM
2279;KOMOLOV, ARTEM
14031;KONDIC, KOSTA
5255;KONIARIS, ANTONIOS
4178;KOPONEN, PETTERI
11050;KOPRIVICA, BALSA
4300;KORKMAZ, CAN
5763;KORKMAZ, FURKAN
3571;KOROBKOV, PAVEL
LEA;KOSTRZEWSKI, MATEUSZ
4096;KOSUT, EMIRCAN
218;KOSZAREK, LUKASZ
4603;KOTSAR, MAIK
9766;KOUFOS, KOSTA
10791;KOUMADJE, CHRIST
4451;KOUZELOGLOU, IOANNIS
6482;KRAEMER, DAVID
4810;KRAMER, CHRIS
4512;KRATZER, LEON
139;KRAVTSOV, VIACHESLAV
9328;KRIISA, KERR
10185;KRIVAS, MOTIEJUS
5835;KRIVOSHEEV, MAKSIM
1081;KRSTANOVIC, STIPE
AUO;KRSTIC, NENAD
CKI;KRUPALIJA, DAMIR
10824;KUBLICKAS, KAJUS
5207;KUCHAREK, MACIEJ
4120;KUDLACEK, JAKUB
3549;KUEBLER, MICHAEL
3657;KUKSIKS, RIHARDS
1108;KULAGIN, DMITRY
2276;KULAGIN, MIKHAIL
5849;KULIG, DAMIAN 
1490;KUPSAS, MINDAUGAS
BKM;KUQO, ERMAL
JLX;KURBANOV, NIKITA
5789;KURIC, KYLE
7265;KURUCS, ARTURS
5713;KURUCS, RODIONS
14128;KUSTURICA, NIKOLA
3479;KUZMIC, OGNJEN
2008;KUZMINSKAS, MINDAUGAS
JXU;KYRITSIS, ALEXANDROS
4884;LABEYRIE, LOUIS
1261;LACOMBE, PAUL
2870;LAFAYETTE, OLIVER
7736;LAKIC, ARIJAN
ATA;LAKOVIC, JAKA
CLL;LALIC, JURE
10385;LAMMERS, BEN
BBY;LAMPE, MACIEJ
8820;LANDALE, JOCK
4160;LANDESBERG, SYLVEN
4192;LANG, NICOLAS
BEB;LANGDON, TRAJAN
1887;LANGFORD, KEITH
JHV;LAPETA, ADAM
6435;LAPROVITTOLA, NICOLAS
10392;LARENTZAKIS, GIANNOULIS
7200;LARKIN, SHANE
1287;LASME, STEPHANE
4194;LAUVERGNE, JOFFREY
14120;LAVI, GUR
BWK;LAVRINOVIC, DARJUS
BLH;LAVRINOVIC, KSISTOF
6860;LAVRINOVICIUS, DANIELIUS
3431;LAW, ACIE
4812;LAWAL, GANI
5804;LAWAL, SHANE
3442;LAWSON, TY
2073;LAZAREV, IVAN
4720;LAZAREVIC, STEFAN
LUO;LAZIC, BRANKO
14012;LEAF, TJ
144;LEBEDINTSEV, ANDRIY
BFQ;LECHTHALER, LUCA
8987;LEDAY, ZACH
7969;LEDO, RICKY
11225;LEE, PARIS
13389;LEE, SABEN
3210;LEKAVICIUS, LUKAS
10190;LELEVICIUS, LIUTAURAS
LGQ;LELOUP, JEREMY
14169;LEN, ALEX
1947;LEONARD, CHRISTOPHE
1928;LESIC, SAVA
3842;LESSORT, MATHIAS
3013;LEUNEN, MAARTEN
7768;LEVI, NIMROD
3526;LIGHTY, DAVID
JAV;LIKHODEI, VALERII
1098;LIMA, AUGUSTO
LNP;LINEHAN, JOHN
5825;LINHART, NATE
LXI;LIPKEVICIUS, VYTENIS
236;LISHCHUK, SERHIY
TGB;LLULL, SERGIO
7032;LO, MAODO
541;LOGAN, DAVID
3608;LOJESKI, MATT
5553;LOMAZS, RIHARDS
12113;LONATI, ACHILLE
BEJ;LONCAR, KRESIMIR
6135;LOPATIN, ANDREI
9918;LOPEZ, LAUTARO
AIT;LOPEZ, RAUL
5356;LOPEZ-AROSTEGUI, XABI
BWL;LORBEK, ERAZEM
LSN;LORBEK, KLEMEN
6302;LOUNTZIS, MICHALIS
9754;LOYD, JORDAN
3417;LUCAS, KALIN
1288;LUCIC, VLADIMIR
6158;LUKOSIUNAS, KAROLIS
10781;LUNDBERG, IFFE
12080;LUWAWU-CABARROT, TIMOTHE
1633;LUZ, RAFA
COX;LYDAY, TERRELL
4797;LYDEKA, TAUTVYDAS
14117;LYLES, TREY
7993;M'BAYE, AMATH
11620;MACHOWSKI, NILS
JCC;MACIULIS, JONAS
9902;MACK, SHELVIN
11236;MACON JR, DARYL
JEA;MACVAN, MILAN
11052;MADAR, YAM
8796;MAGETTE, JOSH
6463;MAGRO, DANIELE
3042;MAHALBASIC, RASID
2969;MAHMUTOGLU, MELIH
BUL;MAINOLDI, LEO
6357;MAKIEV, ALAN
11935;MAKOUNDOU, YOAN
12609;MALCOLM, COLLIN
7027;MALEDON, THEO
CMF;MALLET, DEMOND
4185;MALMANIS, RINALDS
ANH;MANCINELLI, STEFANO
12715;MANEK, BRADY
11064;MANNION, NICCOLO
3537;MANTZARIS, VANGELIS
8084;MANTZOUKAS, ELEFTHERIOS
AHW;MARCONATO, DENIS
9948;MARCOS, JUANI
10754;MARI, LUCAS
1922;MARIC, ALEKS
4761;MARINKOVIC, VANJA
LMG;MARJANOVIC, BOBAN
BED;MARKOISHVILI, MANUCHAR
BCC;MARKOTA, DAMIR
LME;MARKOVIC, STEFAN
BHR;MARQUIS, CLAUDE
3715;MARTIN, ALBERTO
9540;MARTIN, HASSAN
11967;MARTIN, JARELL
3395;MARTINEZ, CARLOS
7995;MARTINEZ, IVAN
1351;MARTINEZ, RAFA
6768;MARTINEZ, SERGI
11974;MARÍ, LUCAS
12713;MASCOLO, BRUNO
8015;MASHOUR, KARAM
3474;MASIC, ANTE
6183;MASIULIS, GYTIS
9600;MASON, MAKAI
12618;MASSA, BODIAN
LGV;MASSEY, JEREMIAH
11936;MATHEWS, JONAH
7025;MATTISSECK, JONAS
KRK;MAVROEIDIS, DIMITRIOS
JRC;MAVROKEFALIDIS, LOUKAS
3069;MAY, SEAN 
11433;MAYER, OMER
11264;MAYO, O J
4511;MAYR, DANIEL
13396;MAYS, SKYLAR
4401;MAZALIN, LOVRO
JMF;MAZEIKA, MARTYNAS
CQJ;MAZZARINO, NICOLAS
5061;MBAKWE, TREVOR
1062;MBAYE, PAPA
5730;MBODJ, CHEIKH
2014;MCCALEBB, BO
8002;MCCALLUM, RAY
5216;MCCOLLUM, ERRICK
8062;MCDOWELL-WHITE, WILL
12800;MCGRUDER, RODNEY
KWI;MCINTYRE, TERRELL
7853;MCKISSIC, SHAQUIELLE
4418;MCLEAN, JAMEL
7996;MCRAE, JORDAN
2982;MEACHAM, TRENTON
1946;MEJIA, SAMMY
5196;MEJRI, SALAH
KJP;MEKEL, GAL
2849;MELLI, NICOLO
8296;MENALO, LEO
4233;MENCO, RAFI
13514;MENSAH, NATHAN
186;MENSAH-BONSU, POPS
12724;MESTOGLU, HAMZA
13379;METU, CHIMEZIE
JNX;MICHELORI, ANDREA
3836;MICHINEAU, DAVID
1473;MICIC, DJORDJE
2580;MICIC, VASILIJE
JWO;MICKEAL, PETE
8847;MICKEY, JORDAN
529;MICOV, VLADIMIR
12943;MIJAILOVIC, UROS
12977;MIKALAUSKAS, KAJUS
11836;MIKE, ISIAHA
KPD;MILAKNIS, ARTURAS
14094;MILJENOVIC, STEFAN
10857;MILLER, BABA
6421;MILLER, DARIUS
6657;MILLER, QUINCY
9048;MILLER-MCINTYRE, CODI
2822;MILOSAVLJEVIC, DRAGAN
KPH;MILOSEVIC, IGOR
14007;MILTON, SHAKE
3941;MILUTINOV, NIKOLA
KWH;MINARD, RICKY
7423;MINCHEV, YORDAN
4645;MINIOTAS, REGIMANTAS
BFT;MIRALLES, ALBERT
796;MIROTIC, NIKOLA
12622;MITCHELL, MATTHEW
7866;MITOGLOU, KONSTANTINOS
11965;MITROU-LONG, NAZ
1929;MITROVIC, ALEKSANDAR
2553;MITROVIC, LUKA
TGJ;MOCNIK, JAN
1833;MOERMAN, ADRIEN
3362;MOLDOVEANU, VLAD
12201;MONEKE, CHIMA
BFX;MONIA, SERGEY
9835;MONROE, GREG
10042;MONTERO, JEAN
12784;MONTVILA, NEDAS
5668;MOON, JAMARIO
14115;MOORE, OMARI
6544;MORAITIS, DIMITRIS
726;MORASCHINI, RICCARDO
1862;MORAY, YANNICK
BUF;MORDENTE, MARCO
5404;MORETTI, DAVIDE
10431;MORGAN, JEREMY
12585;MORGAN, MATTHEW
6481;MORGAN, RAYMAR
1471;MORINA, GEZIM
2693;MORLEY, ZACH
14212;MORRIS, MONTE
LTS;MORRIS, TERENCE
2852;MOSS, DAVID
LCZ;MOTIEJUNAS, DONATAS
11157;MOTLEY, JOHNATHAN
6599;MOTUM, BROCK
6636;MOURATOS, VASSILIS
11200;MUDIAY, EMMANUEL
1324;MUHAMMED, ALI
APL;MULAOMEROVIC, DAMIR
BFJ;MUMBRU, ALEX
7759;MUNFORD, XAVIER
977;MURIC, DINO
3515;MURIC, EDO
5201;MURPHY, KEVIN
3235;MURRAY, FLIP
6540;MUSA, DZANAN
LUR;MUSLI, DEJAN
7991;MUSTAFA, MUHAYMIN
8176;MUTAF, DAVID
LQV;MUTAF, MAXIM
12997;MUURINEN, MIIKKA
DHI;McCARTY, KELLY
13386;McCORMACK, DAVID
672;McGRATH, DONNIE
6338;McNEAL, JEREL
AHX;NACHBAR, BOSTJAN
5828;NACIUS, RAIDAS
7632;NAKIC, MARIO
634;NALGA, CEMAL
11224;NAPIER, SHABAZZ
LZO;NARDI, MIKE
6635;NASTIC, STEFAN
3298;NAVARRO, DAVID
ADI;NAVARRO, JUAN CARLOS
9213;NDIAYE, ELI
12731;NDIAYE, MBAYE
12058;NDIAYE, OUSMANE
8097;NDJOCK, ELWIN
TGE;NDONG, BONIFACE
6726;NDOUR, MAURICE
11199;NEBO, JOSH
848;NEDOVIC, NEMANJA
2829;NELSON, DEMARCUS
3931;NELSON, REEVES
KXL;NELSON, SPENCER
8807;NENADIC, NEMANJA
5172;NERUSH, OLEKSANDR
2815;NESTEROVIC, RASHO
13505;NETO, RAUL
14122;NETZIPOGLOU, OMIROS
2090;NEUMANN, PHILIPP
396;NEWLEY, BRAD
2341;NEY, JOEY
9556;NGOUAMA, MEHDY
4215;NGUIRANE, MAODO
12687;NIANG, SALIOU
KNG;NICHOLAS, DREW
3482;NICHOLS, DEMETRIS
JRD;NIELSEN, MATT
6819;NIKIC, KRESIMIR
10063;NIKOLAIDIS, ALEXANDROS
3703;NIKOLIC, ALEKSEJ
2551;NIKOLIC, DANILO
JMS;NIKOLIC, UROS
5357;NIKOLIC, ZORAN
5963;NIKOLOV, KRISTIJAN
10641;NNAJI, JAMES
9051;NNOKO, LANDRY
APR;NOCIONI, ANDRES
10162;NOGUES, ISAAC
14134;NORRIS, MILES
6068;NOUA, AMINE
14119;NOWELL, MARKQUIS
6591;NTILIKINA, FRANK
12100;NUFER, ANTON
10106;NUNEZ, JUAN
12774;NUNN, KENDRICK
7400;NUNNALLY, JAMES
4053;NURKIC, JUSUF
13363;NWORA, JORDAN
5092;NZEULIE, JEREMY
9004;O'BRYANT, JOHNNY
10776;O'QUINN, KYLE BRANDON
11938;OBASOHAN, RETIN
4508;OBST, ANDREAS
11823;ODIASE, TAI
8140;ODINOKOV, VLADISLAV
5667;ODOM, LAMAR
4982;OFOEGBU, IKE
3242;OGBE, KENNETH
2926;OGILVY, ANDREW JAMES
7057;OGUNSIPE, MARVIN
622;OHAYON, YOGEV
11982;OJELEYE, SEMI
8801;OJO, MICHAEL
14006;OKEKE, CHUMA
11212;OKOBO, ELIE
5363;OKOUO, VINY
6600;OLASENI, GABE
1972;OLESON, BRAD
6919;OLINDE, LOUIS
554;OLIVER, ALBERT
4443;OLMAZ, AYBERK
4222;OMIC, ALEN
14121;OMORUYI, CLIFFORD
14207;OMORUYI, EUGENE
ARO;ONAN, OMER
10400;ONCEL, RIDVAN
6647;ONUAKU, ARINZE
2012;ORELIK, GEDIMINAS
5917;ORIOLA, PIERRE
KWG;ORTNER, BENJAMIN
10581;OSETKOWSKI, DYLAN
4088;OSMAN, CEDI
12710;OSMANI, ERCAN
12788;OTURU, DAN
4197;OUATTARA, YAKUBA
3552;OVENEKE, RANDY
AQA;OZBOLT, SASO
6640;OZDEMIROGLU, DOGUS
BNW;OZER, CEVHER
4179;OZMIZRAK, KARTAL
AWO;PACHULIA, ZAZA
2705;PAGE, DYLAN
6739;PAJOLA, ALESSANDRO
3603;PALACIOS, JUAN
13283;PALATIN, GUY
4175;PAMULA, PIOTR
6433;PANGOS, KEVIN
LSK;PANIN, VADIM
LRF;PANKO, ANDY
7634;PANTZAR, MELWIN
APP;PAPADOPOULOS, LAZAROS
5844;PAPAGIANNIS, GEORGIOS
ATW;PAPALOUKAS, THEODOROS
1255;PAPANIKOLAOU, KOSTAS
5161;PAPAPETROU, IOANNIS
12023;PAPAS, GEORGE
464;PAPPAS, NIKOS
3034;PARAKHOUSKI, ARTSIOM
2834;PARGO, JEREMY
12745;PARKER, JABARI
7464;PARRA, JOEL
CJB;PASALIC, DRAGO
6385;PASCOLO, DAVIDE
3921;PASECNIKS, ANZEJS
AYU;PASHUTIN, ZAKHAR
5093;PASSAVE, JOHAN
4804;PATEEV, RUSLAN
5973;PATSATSIA, LEVAN
4945;PAUL, BRANDON
13377;PAUL, MBIYA
3204;PAULI,  ORIOL
ANE;PAVLOVIC, SASHA
8348;PAYNE, ADREIAN
14213;PAYNE, CAMERON
3673;PAYNE, MARK
2850;PECHEROV, OLEKSIY
5922;PEINERS, ZANIS
ARV;PEKER, KAYA
KNN;PEKOVIC, NIKOLA
ACK;PELEKANOS, MICHALIS
6459;PELLEGRINO, FRANCESCO
5415;PENAVA, AJDIN
3327;PENNINCK, BORIS
4588;PENO, STEFAN
9752;PEREZ, ALEX
3205;PEREZ, JOSEP
5238;PEREZ, PABLO
CJF;PERIC, HRVOJE
1920;PERKINS, DORON
BFG;PEROVIC, KOSTA
KRH;PERPEROGLOU, STRATOS
10413;PERRY, KENDRICK
XBB;PERRY, MARQUE
8829;PETERS, ALEC
10683;PETERS, LAMAR
JZN;PETRAVICIUS, MARIUS
11194;PETRUSEV, FILIP
5162;PETWAY, BRENT
10560;PIERRE, DYSHAWN
AZK;PIETRUS, FLORENT
4316;PILEPIC, FRAN
3439;PINDA, KINGSLEY
2063;PINKNEY, KEVINN
6300;PISKIN, SUACAN
2017;PLAISTED, TRENT
4575;PLANINIC, DARKO
AFP;PLANINIC, ZORAN
6240;PLAVSIC, UROS
LHK;PLEISS, TIBOR
LKX;PNINI, GUY
1878;POCIUS, MARTYNAS
2083;POETA, GIUSEPPE
4887;POIRIER, VINCENT
8232;POKUSEVSKI, ALEKSEJ
11937;POLITE, ANTHONY
2084;POLONARA, ACHILLE
5292;PONITKA, MARCEL
4172;PONITKA, MATEUSZ
JAN;PONKRASHOV, ANTON
6832;PONS, YVES
4426;POPOV, ILYA
ATP;POPOVIC, MARKO
7398;POPOVIC, PETAR
4422;POWELL, JOSH
9960;POYTHRESS, ALEX
10393;PRADILLA, JAIME
TFH;PRELDZIC, EMIR
2661;PREPELIC, KLEMEN
7997;PRESSEY, PHIL
CBX;PRIGIONI, PABLO
AMM;PRINTEZIS, GEORGIOS
8384;PROCIDA, GABRIELE
6643;PUERTO, JOSEP
4355;PULLEN, JACOB
9862;PUNTER, KEVIN
3370;PUSHKOV, ANTON
4834;PUSTOVYI, ARTEM
10788;QUEREJETA, JOSEBA
LEV;RABASEDA, XAVIER
5683;RADANOV, ALEKSA
11972;RADEBAUGH, JONAH
BFF;RADENOVIC, IVAN
2561;RADICEVIC, NIKOLA
6543;RADONCIC, DINO
3501;RADOSAVLJEVIC, BOGDAN
LEM;RADOSEVIC, LEON
11686;RADOSIC, OGNJEN
JDU;RADULJICA, MIROSLAV
14190;RADZEVICIUS, GYTIS
5181;RAGLAND, JOE
8850;RAIESTE, SANDER
ANB;RAKOCEVIC, IGOR
2031;RAKOVIC, MILOVAN
4917;RAMLJAK, IVAN
CIZ;RANCIC, DAMIR
CWH;RANCIK, MARTIN
2911;RANDLE, BRIAN
8038;RANDLE, CHASSON
7019;RANDLE, JEROME
5757;RANDOLPH, ANTHONY
13382;RANDOLPH, LEVI
BPB;RANNIKKO, TEEMU
11631;RAPIEQUE, ELIAS
KGH;RASIC, ALEKSANDAR
13378;RATHAN-MAYES, XAVIER
10150;RAUTINS, ANDY
9003;RAY, KENDRICK
13381;RAYMAN, WILLIAM
10603;REATH, DUOP
3269;REBIC, NIKOLA
4844;REDDING, REGGIE
1604;REDIKAS, DOVYDAS
9946;REED, WILLIE
5945;RENFROE, ALEX
JHL;RESS, TOMAS
12738;REUVERS, NATHAN
AAX;REYES, FELIPE
7942;REYNOLDS, JALEN
1257;REYNOLDS, JR
14178;RHODEN, JARED
JUG;RIBAS, PAU
1518;RICCI, GIAMPAOLO
3367;RICE, TYRESE
799;RICHARDS, RYAN
1865;RICHARDSON, JEREMY 
BMK;RIDDICK, ANDRE
10718;RISACHER, ZACCHARIE
3273;RISTIC, DUSAN
11214;RIVERO, JASIEL
2429;RIVERS, KC
13405;ROBERSON, ANDRE
2091;ROBERTS, BRIAN
TFU;ROBERTS, LAWRENCE
12740;ROBERTSON, KASSIUS
702;ROBINSON, ANTYWANE
1354;ROBINSON, FRANK
14008;ROBINSON, JUSTIN
8003;ROBINSON, THOMAS
JQS;ROCCA, MASON
2972;ROCHESTIE, TAYLOR
AWS;RODRIGUEZ, BERNI
CVM;RODRIGUEZ, SERGIO
11085;ROGKAVOPOULOS, NIKOLAOS
4974;ROLL, MICHAEL
6737;ROSA, IGNACIO
TFZ;ROSZYK, KRZYSZTOF
4158;ROTH, MORAN
3451;ROTHBART, BORIS
498;ROWLAND, EARL
1900;RUBIO, GUILLEM
LFW;RUBIO, RICKY
6477;RUBIT, AUGUSTINE
9299;RUBSTAVICIUS, MANTAS
6536;RUDD, VICTOR
JZH;RUDEZ, DAMJAN
3283;RUPNIK, LUKA
TEZ;RUSH, BRION
14177;RYAN, MATT
8856;SABECKIS, DONATAS
4485;SABONIS, DOMANTAS
4380;SACCHETTI, BRIAN
BGO;SADA, VICTOR
7679;SAHAR, DORI
5519;SAJUS, MARTYNAS
10545;SAKO, NEAL
ANY;SALENGA, DAINIUS
3712;SALIC, DOKO
2820;SALIN, SASU
7579;SAMANIC, LUKA
7550;SAMAR, ZIGA
AZW;SAMARDZISKI, PREDRAG
LEZ;SAMB, MAMADOU
2825;SAMHAN, OMAR
LNY;SAMNICK, VICTOR
11442;SAMONTOUROV, ALEXANDROS
KVK;SAMOYLENKO, PETR
5269;SAMUELS, SAMARDO
518;SAN EMETERIO, FERNANDO
8177;SANCAKLI, EKREM
5001;SANDERS, RAKIM
4164;SANIKIDZE, VIKTOR
2968;SANLI, SERTAC
7869;SANT-ROOS, HOWARD
KML;SANTIAGO, DANIEL
13289;SANTOS, MARCIO
2392;SANZ, JORGE
2013;SARAKAUSKAS, VYTAUTAS
3112;SARIC, DARIO
11666;SARR, DAME
2936;SASTRE, JOAN
LMO;SATO, ROMAIN
2939;SATORANSKY, TOMAS
KOD;SAVANOVIC, DUSKO
JPF;SAVAS, OGUZ
4946;SAVELYEV, IVAN
10784;SAVKOV, PAVEL
JMR;SAVOVIC, BORIS
ALR;SAVRASENKO, ALEKSEY
6693;SAYBIR, YIGITCAN
540;SCEKIC, MARKO
BGQ;SCHAFFARTZIK, HEIKO
3424;SCHEYER, JONATHAN
357;SCHILB, BLAKE
8823;SCHILLING, GAVIN
1468;SCHMIDT, DANIEL
6251;SCHNEIDER, TIM
13372;SCHOFIELD, ADMIRAL
JXX;SCHORTSANITIS, SOFOKLIS
11234;SCHULTE, RIKUS
AQX;SCHULTZE, SVEN
AJG;SCOLA, LUIS
12729;SCOTT, MIKE
7230;SEDEKERSKIS, TADAS
4862;SEELEY, DENNIS
BIX;SEFOLOSHA, THABO
4161;SEGEV, ITAY
532;SEHOVIC, SEAD
202;SEHOVIC, SUAD
KNO;SEIBUTIS, RENALDAS
1171;SEIFERTH, ANDREAS
5756;SEIFERTH, MARTIN
AFB;SEKULIC, BLAGOTA
14088;SELJAAS, ZACHARY
BTO;SENTURK, SONER
1948;SERAPHIN, KEVIN
9030;SESSIONS, RAMON
11980;SESTINA, NATHAN
1885;SEWERYN, LUKASZ
12612;SHAHRVIN, ENZO
668;SHAKUR, MUSTAFA
10653;SHARAPOV, VLADISLAV
AOU;SHARP, DERRICK
11202;SHAYOK, MARIAL
KLN;SHELEKETO, MAKSIM
1133;SHENGELIA, TORNIKE
1386;SHERMADINI, GIORGI
6713;SHEVCHUK, KONSTANTIN
7831;SHIELDS, SHAVON
2973;SHIPP, JOSHUA
12608;SHORTS, TJ
LKZ;SHUKHOVTCOV, GRIGORY
3437;SHULER, JAMAL
KNH;SHUMPERT, PRESTON
KVZ;SHVED, ALEXEY
6589;SIKMA, LUKE
1211;SIKORA, SLAWOMIR
2007;SIKSNIUS, ARVYDAS
14220;SILVA, CHRIS
5596;SIMA, YANKUBA
5618;SIMANIC, BORISA
1129;SIMEON, JOSE
5163;SIMMONS, CEDRIC
14152;SIMMONS, KOBI
CPR;SIMON, KRUNOSLAV
12711;SIMONOVIC, MARKO
LRU;SIMONOVIC, MARKO
7765;SIMPSON, DIAMON
CRM;SINANOVIC, NEDZAD
3822;SINGLER, KYLE
6614;SINGLETON, CHRIS
1271;SINICA, JUSTAS
5275;SIPAHI, KENAN
3522;SIRIN, OSMAN
7029;SIRVYDIS, DEIVIDAS
JMM;SISKAUSKAS, RAMUNAS
4571;SISKO, ZAN MARK
12263;SISSOKO, YOHANN
7125;SIVA, PEYTON
LJT;SKORDILIS, GAIOS
3637;SLAUGHTER, AJ
659;SLAUGHTER, MARCUS
11927;SLEVA, DUSTIN
1926;SLOUKAS, KOSTAS
11051;SMAILAGIC, ALEN
LVC;SMAJLAGIC, SVEN
12801;SMART, JAVONTE
13666;SMITH JR, DENNIS
CTN;SMITH, CHARLES
1274;SMITH, DEVIN
11192;SMITH, JALEEN
5002;SMITH, JAMAR
4118;SMITH, JERRY
4918;SMITH, NOLAN 
7356;SMITH, RUSS
2901;SMITH, STEVEN
7109;SMITS, ROLANDS
ALC;SMODIS, MATJAZ
4176;SNIEG, TOMASZ
LTF;SOKOLOV, DMITRY
4479;SOLUADE, MO
BCP;SONGAILA, DARIUS
2970;SONMEZ, DOGUKAN
11219;SORKIN, ROMAN
5242;SOSA, EDGAR
5955;SOUTHERLAND, JAMES
747;SOW, PAPE
8173;SPAGNOLO, MATTEO
2626;SPAN, JAN
JUO;SPANOULIS, VASSILIS
4381;SPISSU, MARCO
KPW;SROKA, MARCIN
2506;STAIGER, LUCCA
11317;STARKS , MARKEL
9836;STAUSKAS, NIK
LUK;STEFANSSON, JON
14009;STEVENS, LAMAR
564;STEVIC, OLIVER
LBJ;STIMAC, VLADIMIR
DGX;STIPCEVIC, ROK
3934;STOJANOVSKI, VOJDAN
6668;STOLL, PAUL
JOC;STONEROOK, SHAUN
7069;STOUDEMIRE, AMAR'E
1433;STRAWBERRY, DJ
8099;STRAZEL, MATTHEW
LWP;STREBKOV, IVAN
46;STRELNIEKS, JANIS
2092;STUCKEY, MAURICE
JJS;SUAREZ, CARLOS
3992;SULEJMANOVIC, EMIR
3529;SUMMERS, DAJUAN
12787;SUMNER, EDMOND
JJZ;SUPUT, PREDRAG
2106;SUTON, GORAN
14025;SWIDER, COLE
5793;SY, BANDJA
10093;SYKES, KEIFER
1965;SYLLA, ABDEL KADER
1209;SZCZOTKA, PIOTR
CCH;SZEWCZYK, SZYMON
JPJ;TABU, JONATHAN
118;TADDA, KARSTEN
10631;TANOULIS, GEORGIOS
8004;TARCZEWSKI, KALEB
5860;TAROLIS, DONATAS
12515;TARPEY, TERRY
5791;TAVARES, WALTER
14004;TAYLOR, BRANDON
1988;TAYLOR, BRYCE
12068;TAYLOR, ISAIAH
6546;TAYLOR, JEFFERY
5247;TAYLOR, JORDAN
11217;TAYLOR, KAMERON
5850;TAYLOR, TONY
1157;TCHICAMBOUD, STEED
4008;TEJIC, MARKO
JZJ;TELETOVIC, MIRZA
JDR;TEODOSIC, MILOS
LGH;TEPIC, MILENKO
10652;TERRY, EMANUEL
TEO;TERRY, REYSHAWN
3435;THALIEN, KEVIN
4132;THEIS, DANIEL
7946;THEODORE, JORDAN
3958;THIEMANN, JOHANNES
5094;THOMAS, DESHAUN
11313;THOMAS, KHYRI
4251;THOMAS, MALCOLM
8967;THOMAS, MATT
4231;THOMAS, TOREY
5856;THOMAS, WILL
12095;THOMASSON, JOE
5836;THOMPKINS, TREY
11078;THOMPSON, DARIUS
3453;THOMPSON, DEON
134;THOMPSON, DIJON
8014;THOMPSON, HOLLIS
7998;THOMPSON, JASON
4957;THOMPSON, RYAN
CCA;THORNTON, BOOTSY
2744;TILLIE, KIM
5718;TIMMA, JANIS
4846;TIMOR, BAR
7497;TIRPANCI, ERGI
5173;TISHCHENKO, OLEKSANDR
8966;TOBEY, MIKE
JPE;TODIC, MIROSLAV
4214;TODOROVIC, DEJAN
1612;TODOROVIC, MARKO
4292;TOLIOPOULOS, VASSILIS
CPS;TOMAS, MARKO
2507;TOMIC, ANTE
CCI;TONOLLI, ALESSANDRO
6509;TONUT, STEFANO
2893;TOOLSON, RYAN
BGD;TOPALOGLU, CANER
10985;TOPIC, NIKOLA
6277;TOTE, LEONARDO
2582;TOUPANE, AXEL
12739;TOURE, BOUBACAR
BAP;TOURE, HERVE
5018;TOURE, MOHAMED
BBE;TRAORE, ALI
10319;TRAORE, ARMEL
4840;TRAVIS, ROMEO
7673;TRIFUNOVIC, UROS
BFB;TRIPKOVIC, UROS
227;TROUTMAN, CHEVON
7851;TRUSHKIN, VLADISLAV
TEN;TSAIRELIS, MICHALIS
10057;TSAMIS, PANAGIOTIS
ACN;TSARTSARIS, KOSTAS
8192;TUBELIS, AZUOLAS
2908;TUCKER, ANTHONY
749;TUCKER, CLAY
12591;TUCKER, RAYJON
12415;TUNCA, MELIH
2925;TUNCER, BUGRAHAN
ARR;TUNCERI, KEREM
6641;TUREN, METIN
AYR;TURKCAN, MIRSAD
2728;TURKYILMAZ, IZZET
4119;TYUS, ALEX
10062;UBAL, AGUSTIN
6503;UDOH, EKPE
AGP;UDRIH, BENO
BDF;UDRIH, SAMO
3783;UGURLU, BERK
8995;UKHOV, IVAN
CJA;UKIC, ROKO
2329;ULANOVAS, EDGARAS
6900;ULECKAS, LUKAS
5000;ULUBAY, OKBEN
7491;UMRIKHIN, YURY
5814;URAL, GOKTURK 
2938;URTASUN, TXEMI
6985;USKOKOVIC, ALEKSA
5367;UTA, CHISTIAN
7338;UZINSKII, DMITRII
898;VALANCIUNAS, JONAS
1954;VALIEV, EVGENY
4664;VALINSKAS, PAULIUS
LOZ;VALTERS, KRISTAPS
ASG;VAN DEN SPIEGEL, TOMAS
1971;VAN OOSTRUM, DEVON
LRQ;VAN ROSSOM, SAM
CKZ;VANUZZO, MANUEL
BTS;VARDA, RATKO
4845;VARGAS, AKEEM
3496;VARNADO, JARVIS
ALG;VASILEIADIS, KOSTAS
JRF;VASILOPOULOS, PANAGIOTIS
8198;VASTURIA, STEVE
553;VASYLIUS, VALDAS
14014;VAUTIER, BASTIEN
AXC;VAZQUEZ, FRAN
BJB;VEBOBE, LUC-ARTHUR
2431;VECVAGARS, KASPARS
JNN;VELICKOVIC, NOVICA
LXL;VENE, SIIM-SANDER
7524;VENSKUS, ERIKAS
LLM;VEREMEENKO, VLADIMIR
925;VESELY, JAN
3469;VEZENKOV, SASHA
BGV;VIALTSEV, EGOR
AJK;VIDAL, SERGI
CIW;VIDENOV, FILIP
TFI;VIDMAR, GASPER
1895;VIGGIANO, JEFF
5837;VIKTOROV, IVAN
7947;VILDOZA, LUCA
10035;VILLAR, RAFA
12317;VILLAR, RAUL
6273;VISCONTI, RICCARDO
BHF;VITALI, LUCA
2361;VIVES, GUILLEM
7201;VOIGTMANN, JOHANNES
12126;VOLF, IVAN
10628;VOLKHIN, IGOR
1389;VORONOV, EVGENY
LHI;VORONTSEVICH, ANDREY
TFX;VOUGIOUKAS, IAN
2841;VRAGOVIC, KARLO
LGK;VRBANC, GORAN
2869;VRKIC, ZORAN
BRB;VUJACIC, SASHA
APB;VUJCIC, NIKOLA
9212;VUKCEVIC, TRISTAN
LDX;WACZYNSKI, ADAM
5758;WAGNER, MORITZ
13284;WAINRIGHT, ISH
9866;WALDEN, COREY
13403;WALKER IV, LONNIE
5288;WALKER, ERVING
6667;WALKER, HENRY
12709;WALKER, KEMBA
8855;WALKUP, THOMAS
1326;WALLACE, C.J.
11925;WALLACE, TYRONE
1446;WALSH, MATT
9022;WALTON JR, DERRICK
5838;WANAMAKER, BRAD
12610;WARD, TYSON
7020;WARRICK, HAKIM
LSZ;WASHINGTON, DARIUS
13370;WASHINGTON, DUANE
4223;WATERS, DOMINIC
14013;WATSON, GLYNN
KNZ;WATSON, TRAVIS
11971;WEBB III, JAMES
9449;WEBER, BRIANTE
8961;WEBSTER, TAI
6592;WEEMS, KYLE
3443;WEEMS, SONNY
6245;WEIDEMANN, NELSON
10391;WEILER-BABB, NICK
AGQ;WELSCH, JIRI
9553;WEMBANYAMA, VICTOR
2543;WESTERMANN, LEO
11934;WETZELL, YANNI
6505;WHITE, AARON
5935;WHITE, DJ
THC;WHITE, JAMES
6336;WHITE, OKARO
6661;WILBEKIN, SCOTTIE
9472;WILEY, JACOB
KWY;WILKINSON, MIKE
2837;WILKS, MIKE
9006;WILLIAMS, DERRICK
9465;WILLIAMS, DEVIN
7013;WILLIAMS, ELLIOT
4259;WILLIAMS, LATAVIOUS
4212;WILLIAMS, MARCUS
3394;WILLIAMS, REGGIE
4198;WILLIAMS, SHELDEN
12604;WILLIAMS, TREVION
7982;WILLIAMS-GOSS, NIGEL
9664;WILLIS, DEREK
8052;WILTJER, KYLE
5478;WIMBERG, NIKLAS
11940;WINSTON, CASSIUS
JQE;WISNIEWSKI, ANDREW
5851;WISNIEWSKI, LUKASZ
KPQ;WITKA, ROBERT
1990;WOHLFARTH-BOTTERMANN, JONAS
3389;WOJCIECHOWSKI, MATHIEU
6555;WOLTERS, NATE
13775;WONG, ISAIAH
1459;WOOD, DASHAUN
3455;WOODSIDE, BEN
12606;WRIGHT IV, MCKINLEY
TEM;WRIGHT, BRACEY
JXK;WRIGHT, BRENT
5968;WRIGHT, CHRIS
8049;WRIGHT, DORELL
5954;WRIGHT, JULIAN
12878;WRIGHT, MOSES
1820;WRIGHT, ZACK
JLA;XANTHOPOULOS, VASSILIS
11386;YAACOV, NOAM
10357;YABUSELE, GUERSCHON
497;YAGMUR, MEHMET
4628;YAKUSHIN, TIMOFEY
13368;YEBO, KEVIN
AWP;YILDIRIM, HALUK
4093;YILDIZLI, BURAKCAN
6372;YILMAZ, ERKAN
2753;YIVZORI, DAGAN
5984;YOUNG, PATRIC
5353;YURTSEVEN, OMER
5983;YURTSEVEN, OMER FARUK
5368;YUSTA, SANTI
TFF;ZABELIN, ARTEM
8104;ZAGARS, ARTURS
1792;ZAITCEV, VIACHESLAV
7186;ZAKHAROV, DENIS
39;ZAMANSKIY, IGOR
LPY;ZAMOJSKI, PRZEMYSLAW
KPV;ZAVACKAS, DONATAS
1401;ZERBO, FREJUS
4551;ZGANEC, KARLO
KVO;ZHUKANENKO, ALEXEY
LLE;ZIGERANOVIC, IVAN
5056;ZIPSER, PAUL
4183;ZIRBES, MAIK
ABN;ZISIS, NIKOS
11220;ZIV, IFTAH
BXE;ZIZIC, ANDRIJA
4554;ZIZIC, ANTE
6625;ZOOSMAN, YOVEL
BCB;ZORIC, LUKA
3070;ZOUMPOS, FOTIOS
2025;ZOZULIN, ALEKSEY
LJP;ZUBCIC, TOMISLAV
3573;ZUBKOV, ANDREY
9033;ZUGIC, FEDOR
5701;ZYWERT, KAMIL
